{
  "app:go-back": [
    {
      "modifiers": [
        "Alt"
      ],
      "key": "A"
    }
  ],
  "app:go-forward": [
    {
      "modifiers": [
        "Alt"
      ],
      "key": "S"
    }
  ],
  "app:toggle-left-sidebar": [
    {
      "modifiers": [
        "Alt"
      ],
      "key": "ArrowLeft"
    }
  ],
  "app:toggle-right-sidebar": [
    {
      "modifiers": [
        "Alt"
      ],
      "key": "ArrowRight"
    }
  ],
  "app:delete-file": [
    {
      "modifiers": [
        "Mod",
        "Shift"
      ],
      "key": "Delete"
    }
  ],
  "editor:delete-paragraph": [],
  "obsidian-excalidraw-plugin:insert-link-to-element": [],
  "obsidian-excalidraw-plugin:insert-link": [],
  "obsidian-excalidraw-plugin:save": [],
  "file-explorer:open": [
    {
      "modifiers": [
        "Mod",
        "Shift"
      ],
      "key": "E"
    }
  ],
  "obsidian-excalidraw-plugin:toggle-lock": [],
  "keyshots:split-selections-on-new-line": [],
  "keyshots:duplicate-line-down": [],
  "keyshots:duplicate-line-up": [
    {
      "modifiers": [
        "Mod"
      ],
      "key": "D"
    }
  ],
  "keyshots:select-multiple-word-instances": [],
  "editor:open-link-in-new-leaf": [],
  "obsidian-advanced-new-file:advanced-new-file": [
    {
      "modifiers": [
        "Mod"
      ],
      "key": "N"
    }
  ],
  "file-explorer:new-file": [],
  "command-palette:open": [
    {
      "modifiers": [
        "Mod",
        "Shift"
      ],
      "key": "P"
    }
  ],
  "switcher:open": [
    {
      "modifiers": [
        "Mod"
      ],
      "key": "P"
    }
  ],
  "file-explorer:reveal-active-file": [
    {
      "modifiers": [
        "Mod"
      ],
      "key": "F1"
    }
  ],
  "open-with-default-app:show": [
    {
      "modifiers": [
        "Mod",
        "Shift"
      ],
      "key": "F1"
    }
  ],
  "keyshots:expand-line-selections": [],
  "url-into-selection:paste-url-into-selection": [
    {
      "modifiers": [
        "Mod",
        "Shift"
      ],
      "key": "V"
    }
  ],
  "workspace:next-tab": [
    {
      "modifiers": [
        "Ctrl"
      ],
      "key": "Tab"
    },
    {
      "modifiers": [
        "Ctrl"
      ],
      "key": "PageDown"
    },
    {
      "modifiers": [
        "Alt"
      ],
      "key": "W"
    }
  ],
  "workspace:previous-tab": [
    {
      "modifiers": [
        "Ctrl",
        "Shift"
      ],
      "key": "Tab"
    },
    {
      "modifiers": [
        "Ctrl"
      ],
      "key": "PageUp"
    },
    {
      "modifiers": [
        "Alt"
      ],
      "key": "Q"
    }
  ],
  "media-extended:take-rec-timestamp": [],
  "media-extended:get-timestamp": [
    {
      "modifiers": [
        "Mod",
        "Shift"
      ],
      "key": "M"
    }
  ],
  "obsidian-excalidraw-plugin:toggle-lefthanded-mode": [],
  "editor:focus-left": [
    {
      "modifiers": [
        "Alt",
        "Mod"
      ],
      "key": "ArrowLeft"
    }
  ],
  "editor:focus-right": [
    {
      "modifiers": [
        "Alt",
        "Mod"
      ],
      "key": "ArrowRight"
    }
  ],
  "obsidian-prozen:zenmode": [
    {
      "modifiers": [
        "Mod",
        "Shift"
      ],
      "key": "X"
    }
  ],
  "maximise-active-pane-obsidian:maximise-active-pane": []
}