{
  "Daily/Daily-2023-02-20.md": {
    "shared_datetime": "2023-02-20T13:11:31.285Z",
    "updated_datetime": null,
    "expire_datetime": "2023-03-22T13:11:30.485Z",
    "view_url": "https://noteshare.space/note/clecu6mk81108701pj5mlw9r1u#IFZ0t6oBVYksCDHEC24tJvQM/6il11v1BERGS7p3kjc",
    "secret_token": "dmWAKOzqrumlbyThHv0+ZHBKbHDE6sxrb/EsSqsBqEc=",
    "note_id": "clecu6mk81108701pj5mlw9r1u",
    "basename": "Untitled",
    "deleted_from_server": true,
    "deleted_from_vault": true
  },
  "People/Fede Aguer.md": {
    "shared_datetime": "2023-02-21T12:31:15.907Z",
    "updated_datetime": null,
    "expire_datetime": "2023-03-23T12:31:15.169Z",
    "view_url": "https://noteshare.space/note/clee86pk5075901pjs2jhftcy#yfaqQxxJ+0aLBMDeLv3rlSeew/JLLkajthm4PFIsZZc",
    "secret_token": "II7rlDa9OyvX19e/yVX3C4dCMk7ZxVq3OmwfuEUuOQc=",
    "note_id": "clee86pk5075901pjs2jhftcy",
    "basename": "Fede Aguer"
  },
  "Excalidraw/TEMP.excalidraw.md": {
    "shared_datetime": "2023-02-21T18:17:28.653Z",
    "updated_datetime": null,
    "expire_datetime": "2023-03-23T18:17:28.066Z",
    "view_url": "https://noteshare.space/note/cleekjy13154201pjzyhxc1qw#zBFo/kAZDegIEsZXj9OvtOB3tSAqntu353txQqeaYJ4",
    "secret_token": "lkhEil2R2OvUy0BPYWkbQjY6JWa5xc2iFcEc1EISvuY=",
    "note_id": "cleekjy13154201pjzyhxc1qw",
    "basename": "TEMP.excalidraw"
  }
}