{
  "main": {
    "id": "2d5d9432c3330016",
    "type": "split",
    "children": [
      {
        "id": "21bf0c75c7fff451",
        "type": "tabs",
        "children": [
          {
            "id": "53fb1ef520fe67cf",
            "type": "leaf",
            "state": {
              "type": "markdown",
              "state": {
                "file": "Daily/2023-02-20.md",
                "mode": "source",
                "backlinks": true,
                "source": false
              }
            }
          },
          {
            "id": "d3074b962680e6bc",
            "type": "leaf",
            "state": {
              "type": "markdown",
              "state": {
                "file": "templates/Daily.md",
                "mode": "source",
                "backlinks": true,
                "source": false
              }
            }
          }
        ]
      }
    ],
    "direction": "vertical"
  },
  "left": {
    "id": "162470f7a745e621",
    "type": "split",
    "children": [
      {
        "id": "ccca43490cb1668c",
        "type": "tabs",
        "dimension": 73.33333333333333,
        "children": [
          {
            "id": "2f5ba493744e3856",
            "type": "leaf",
            "state": {
              "type": "file-explorer",
              "state": {
                "sortOrder": "alphabetical"
              }
            }
          },
          {
            "id": "616d10fe99d1eb67",
            "type": "leaf",
            "state": {
              "type": "search",
              "state": {
                "query": "tag:#active",
                "matchingCase": false,
                "explainSearch": false,
                "collapseAll": false,
                "extraContext": false,
                "sortOrder": "alphabetical"
              }
            }
          },
          {
            "id": "31ff879bcc11e4d4",
            "type": "leaf",
            "state": {
              "type": "starred",
              "state": {}
            }
          }
        ],
        "currentTab": 1
      },
      {
        "id": "9c4f4cedc9a571b0",
        "type": "tabs",
        "dimension": 26.66666666666667,
        "children": [
          {
            "id": "7c215e5250e42c95",
            "type": "leaf",
            "state": {
              "type": "recent-files",
              "state": {}
            }
          }
        ]
      }
    ],
    "direction": "horizontal",
    "width": 216.5
  },
  "right": {
    "id": "965de4282854896e",
    "type": "split",
    "children": [
      {
        "id": "fd3b6a4a63aa78da",
        "type": "tabs",
        "dimension": 41.42857142857143,
        "children": [
          {
            "id": "e18767f2d2d45057",
            "type": "leaf",
            "state": {
              "type": "localgraph",
              "state": {
                "file": "Daily/2023-02-20.md",
                "options": {
                  "collapse-filter": false,
                  "search": "",
                  "localJumps": 1,
                  "localBacklinks": true,
                  "localForelinks": true,
                  "localInterlinks": false,
                  "showTags": true,
                  "showAttachments": false,
                  "hideUnresolved": false,
                  "collapse-color-groups": false,
                  "colorGroups": [
                    {
                      "query": "path:Tickets",
                      "color": {
                        "a": 1,
                        "rgb": 14701138
                      }
                    }
                  ],
                  "collapse-display": false,
                  "showArrow": false,
                  "textFadeMultiplier": 0,
                  "nodeSizeMultiplier": 1,
                  "lineSizeMultiplier": 1,
                  "collapse-forces": true,
                  "centerStrength": 0.518713248970312,
                  "repelStrength": 10,
                  "linkStrength": 1,
                  "linkDistance": 250,
                  "scale": 0.7132754626224425,
                  "close": true
                }
              }
            }
          },
          {
            "id": "e4d6a8d8a6684adf",
            "type": "leaf",
            "state": {
              "type": "outline",
              "state": {
                "file": "Daily/2023-02-20.md"
              }
            }
          },
          {
            "id": "12ff52e836cf721e",
            "type": "leaf",
            "state": {
              "type": "QUICKSHARE_SIDE_VIEW",
              "state": {}
            }
          },
          {
            "id": "1c47cfe8bf679bb1",
            "type": "leaf",
            "state": {
              "type": "localgraph",
              "state": {
                "file": "Daily/2023-02-20.md",
                "options": {
                  "collapse-filter": true,
                  "search": "",
                  "localJumps": 1,
                  "localBacklinks": true,
                  "localForelinks": true,
                  "localInterlinks": false,
                  "showTags": true,
                  "showAttachments": false,
                  "hideUnresolved": false,
                  "collapse-color-groups": false,
                  "colorGroups": [
                    {
                      "query": "tag:#active",
                      "color": {
                        "a": 1,
                        "rgb": 14701138
                      }
                    }
                  ],
                  "collapse-display": false,
                  "showArrow": false,
                  "textFadeMultiplier": 0,
                  "nodeSizeMultiplier": 1,
                  "lineSizeMultiplier": 1,
                  "collapse-forces": true,
                  "centerStrength": 0.518713248970312,
                  "repelStrength": 10,
                  "linkStrength": 1,
                  "linkDistance": 250,
                  "scale": 0.5087618855792589,
                  "close": true
                }
              }
            }
          }
        ],
        "currentTab": 3
      },
      {
        "id": "f04ab6f7c67323cd",
        "type": "tabs",
        "dimension": 26.66666666666667,
        "children": [
          {
            "id": "ce0ac8a24e7e7b47",
            "type": "leaf",
            "state": {
              "type": "outgoing-link",
              "state": {
                "file": "Daily/2023-02-20.md",
                "linksCollapsed": false,
                "unlinkedCollapsed": true
              }
            }
          },
          {
            "id": "9bac402846c2fbdd",
            "type": "leaf",
            "state": {
              "type": "backlink",
              "state": {
                "file": "Daily/2023-02-20.md",
                "collapseAll": false,
                "extraContext": false,
                "sortOrder": "alphabetical",
                "showSearch": false,
                "searchQuery": "",
                "backlinkCollapsed": false,
                "unlinkedCollapsed": true
              }
            }
          },
          {
            "id": "5ef26c0848a83ae3",
            "type": "leaf",
            "state": {
              "type": "reminder-list",
              "state": {}
            }
          }
        ],
        "currentTab": 2
      },
      {
        "id": "e98fd8e27876ceb1",
        "type": "tabs",
        "dimension": 31.904761904761905,
        "children": [
          {
            "id": "210373ab96d55786",
            "type": "leaf",
            "state": {
              "type": "tag",
              "state": {
                "sortOrder": "frequency",
                "useHierarchy": true
              }
            }
          }
        ]
      }
    ],
    "direction": "horizontal",
    "width": 356.5
  },
  "left-ribbon": {
    "hiddenItems": {
      "switcher:Open quick switcher": true,
      "graph:Open graph view": false,
      "canvas:Create new canvas": true,
      "daily-notes:Open today's daily note": false,
      "command-palette:Open command palette": true,
      "open-vscode:VSCode": false,
      "obsidian-excalidraw-plugin:Create new drawing": false,
      "obsidian-camera:Obsidian Camera": false,
      "remotely-save:Remotely Save": false,
      "audio-recorder:Start/stop recording": false,
      "templater-obsidian:Templater": true,
      "cmdr:File Hider: Toggle Visibility": false,
      "cmdr:Media Extended: Open Media from Link": false,
      "homepage:Open homepage": false,
      "obsidian-markbase:Sync all Markbase projects": false
    }
  },
  "active": "53fb1ef520fe67cf",
  "lastOpenFiles": [
    "Daily/2023-02-21.md",
    "Notes/People Directory.md",
    "Notes/IRC.md",
    "Tickets/ED-740.md",
    "Tags/Ticket-tag.md",
    "Tickets/ED-780.md",
    "Tickets/ED-743.md",
    "templates/Daily.md",
    "Notes/Cubiertas.md",
    "Notes/wise.md"
  ]
}